{
  "project_info": {
    "project_number": "250383774361",
    "firebase_url": "https://simplestorefirebase.firebaseio.com",
    "project_id": "simplestorefirebase",
    "storage_bucket": "simplestorefirebase.appspot.com"
  },
  "client": [
    {
      "client_info": {
        "mobilesdk_app_id": "1:250383774361:android:91daf3f2197e90f9997e08",
        "android_client_info": {
          "package_name": "ut.ee.cs.mirtasoundrecundsave"
        }
      },
      "oauth_client": [
        {
          "client_id": "250383774361-6593q8npu17i2u2ee1iur26ck9g4sigj.apps.googleusercontent.com",
          "client_type": 1,
          "android_info": {
            "package_name": "ut.ee.cs.mirtasoundrecundsave",
            "certificate_hash": "91e10bf243feefc71b507e9463f3962a77079591"
          }
        },
        {
          "client_id": "250383774361-c1s0mt8pvgjc2cjg3q07vbklcrt0j7og.apps.googleusercontent.com",
          "client_type": 3
        }
      ],
      "api_key": [
        {
          "current_key": "AIzaSyD0NmrQJNxcHwcy117U9yp6-YmFw2ITRtg"
        }
      ],
      "services": {
        "appinvite_service": {
          "other_platform_oauth_client": [
            {
              "client_id": "250383774361-c1s0mt8pvgjc2cjg3q07vbklcrt0j7og.apps.googleusercontent.com",
              "client_type": 3
            }
          ]
        }
      }
    },
    {
      "client_info": {
        "mobilesdk_app_id": "1:250383774361:android:4cf9f0ae16802c6c997e08",
        "android_client_info": {
          "package_name": "ut.ee.cs.simplestorefirebase"
        }
      },
      "oauth_client": [
        {
          "client_id": "250383774361-qcavo3jp879hallv83vqp774af898pgt.apps.googleusercontent.com",
          "client_type": 1,
          "android_info": {
            "package_name": "ut.ee.cs.simplestorefirebase",
            "certificate_hash": "a322110be55912e5b7cd450b1ce0080d9d788d11"
          }
        },
        {
          "client_id": "250383774361-c1s0mt8pvgjc2cjg3q07vbklcrt0j7og.apps.googleusercontent.com",
          "client_type": 3
        }
      ],
      "api_key": [
        {
          "current_key": "AIzaSyD0NmrQJNxcHwcy117U9yp6-YmFw2ITRtg"
        }
      ],
      "services": {
        "appinvite_service": {
          "other_platform_oauth_client": [
            {
              "client_id": "250383774361-c1s0mt8pvgjc2cjg3q07vbklcrt0j7og.apps.googleusercontent.com",
              "client_type": 3
            }
          ]
        }
      }
    }
  ],
  "configuration_version": "1"
}